| 6 rows affected
| =================   Q U E R Y   R E S U L T S   =================
| 
| 
|    'b'    'INTEGER'    'YES'    ''    NULL    ''  
|    'c'    'CHAR(250)'    'YES'    ''    'a                                                                                                                                                                                                                                                         '    ''  
| 2 rows selected
| 1 row affected
| 3 rows affected
| ERROR RETURNED: Semantic: before ' ) where b > -999 order by 1;'
| Cannot find the index 't1.i(-)'. (select sum(set{t1.b}) into :s from t1 t1 where t1.b>-999 us... 
|    on statement number: 9
| ERROR RETURNED: Semantic: before ' ) where b > -999 order by 1;'
| Cannot find the index 't1.i(+)'. (select sum(set{t1.b}) into :i from t1 t1 where t1.b>-999 us... 
|    on statement number: 10
| ERROR RETURNED: Semantic: before '  = :i, 'OK', 'NOK');'
| Query yields no result, so variable 's' is not set. select  if(:s=:i, 'OK', 'NOK') 
|    on statement number: 11
| =================   Q U E R Y   R E S U L T S   =================
| 
| 
| 0 row selected
| =================   Q U E R Y   R E S U L T S   =================
| 
| 
|    1    'a                                                                                                                                                                                                                                                         '  
|    2    'b                                                                                                                                                                                                                                                         '  
|    3    'c                                                                                                                                                                                                                                                         '  
|    4    'd                                                                                                                                                                                                                                                         '  
|    5    'e                                                                                                                                                                                                                                                         '  
|    6    'f                                                                                                                                                                                                                                                         '  
|    7    'a                                                                                                                                                                                                                                                         '  
|    8    'a                                                                                                                                                                                                                                                         '  
|    9    'a                                                                                                                                                                                                                                                         '  
| 9 rows selected
