| 1 row affected
| 1 row affected
| =================   Q U E R Y   R E S U L T S   =================
| 
| 
|    't3_1'    1  
| 1 row selected
| =================   Q U E R Y   R E S U L T S   =================
| 
| 
|    't3_1'    1  
| 1 row selected
| ERROR RETURNED: Syntax: before ' ;'
| Unknown class "public.s3_1". select * from [public.s3_1] 
|    on statement number: 15
| ERROR RETURNED: Syntax: before ' ;'
| Unknown class "public.s3_1". select * from [public.s3_1] 
|    on statement number: 5
| =================   Q U E R Y   R E S U L T S   =================
| 
| 
|    't3_2'    1  
| 1 row selected
| =================   Q U E R Y   R E S U L T S   =================
| 
| 
|    't3_2'    1  
| 1 row selected
