| 6 rows affected
| =================   Q U E R Y   R E S U L T S   =================
| 
| 
|    'a'    'INTEGER'    'YES'    ''    NULL    'auto_increment'  
|    'b'    'INTEGER'    'YES'    ''    NULL    ''  
|    'c'    'CHAR(250)'    'YES'    ''    NULL    ''  
| 3 rows selected
| 1 row affected
| 1 row affected
| ERROR RETURNED: Operation would have caused one or more unique constraint violations. INDEX i(B+tree: ?) ON CLASS public.t1(CLASS_OID: ?). key: *UNKNOWN-KEY*. 
|    on statement number: 3
| ERROR RETURNED: Semantic: before ' ) where b > -999 order by 1;'
| Cannot find the index 't1.i(-)'. (select sum(set{[public.t1].b}) into :s from [public.t1] [pu... 
|    on statement number: 9
| ERROR RETURNED: Semantic: before ' ) where b > -999 order by 1;'
| Cannot find the index 't1.i(+)'. (select sum(set{[public.t1].b}) into :i from [public.t1] [pu... 
|    on statement number: 10
| ERROR RETURNED: Semantic: before '  = :i, 'OK', 'NOK');'
| Query yields no result, so variable 's' is not set. select  if(:s=:i, 'OK', 'NOK') 
|    on statement number: 11
| =================   Q U E R Y   R E S U L T S   =================
| 
| 
| 0 row selected
| =================   Q U E R Y   R E S U L T S   =================
| 
| 
|    1    1    'a                                                                                                                                                                                                                                                         '  
|    2    2    'b                                                                                                                                                                                                                                                         '  
|    3    3    'c                                                                                                                                                                                                                                                         '  
|    4    4    'd                                                                                                                                                                                                                                                         '  
|    5    5    'e                                                                                                                                                                                                                                                         '  
|    6    6    'f                                                                                                                                                                                                                                                         '  
|    7    1    '1                                                                                                                                                                                                                                                         '  
|    8    1    '1                                                                                                                                                                                                                                                         '  
| 8 rows selected
