| 4 rows affected
| 7 rows affected
| 1 row affected
| 1 row affected
| ERROR RETURNED: Your transaction has been unilaterally aborted by the system. 
|    on statement number: 3
| ERROR RETURNED: Your transaction has been unilaterally aborted by the system. 
|    on statement number: 3
| ERROR RETURNED: Your transaction has been unilaterally aborted by the system. 
|    on statement number: 3
| ERROR RETURNED: Your transaction has been unilaterally aborted by the system. 
|    on statement number: 3
| ERROR RETURNED: Your transaction has been unilaterally aborted by the system. 
|    on statement number: 3
| ERROR RETURNED: Your transaction has been unilaterally aborted by the system. 
|    on statement number: 3
| =================   Q U E R Y   R E S U L T S   =================
| 
| 
|    'public.t2'    1    'fk_t2_stu_id'    1    'stu_id'    'A'    5    NULL    NULL    'YES'    'BTREE'    NULL    NULL    'YES'  
|    'public.t2'    1    'idx_t2_3'    1    NULL    'A'    1    NULL    NULL    'YES'    'BTREE'    ' dayofmonth([public.t2].[birty_date])'    NULL    'YES'  
| 2 rows selected
| =================   Q U E R Y   R E S U L T S   =================
| 
| 
|    'public.t2'    1    'fk_t2_stu_id'    1    'stu_id'    'A'    5    NULL    NULL    'YES'    'BTREE'    NULL    NULL    'YES'  
|    'public.t2'    1    'idx_t2_3'    1    NULL    'A'    1    NULL    NULL    'YES'    'BTREE'    ' dayofmonth([public.t2].[birty_date])'    NULL    'YES'  
| 2 rows selected
| =================   Q U E R Y   R E S U L T S   =================
| 
| 
|    'public.t2'    1    'fk_t2_stu_id'    1    'stu_id'    'A'    5    NULL    NULL    'YES'    'BTREE'    NULL    NULL    'YES'  
|    'public.t2'    1    'idx_t2_3'    1    NULL    'A'    1    NULL    NULL    'YES'    'BTREE'    ' dayofmonth([public.t2].[birty_date])'    NULL    'YES'  
| 2 rows selected
| =================   Q U E R Y   R E S U L T S   =================
| 
| 
|    'public.t2'    1    'fk_t2_stu_id'    1    'stu_id'    'A'    5    NULL    NULL    'YES'    'BTREE'    NULL    NULL    'YES'  
|    'public.t2'    1    'idx_t2_3'    1    NULL    'A'    1    NULL    NULL    'YES'    'BTREE'    ' dayofmonth([public.t2].[birty_date])'    NULL    'YES'  
| 2 rows selected
| =================   Q U E R Y   R E S U L T S   =================
| 
| 
|    'public.t2'    1    'fk_t2_stu_id'    1    'stu_id'    'A'    5    NULL    NULL    'YES'    'BTREE'    NULL    NULL    'YES'  
|    'public.t2'    1    'idx_t2_3'    1    NULL    'A'    1    NULL    NULL    'YES'    'BTREE'    ' dayofmonth([public.t2].[birty_date])'    NULL    'YES'  
| 2 rows selected
| =================   Q U E R Y   R E S U L T S   =================
| 
| 
|    'public.t2'    1    'fk_t2_stu_id'    1    'stu_id'    'A'    5    NULL    NULL    'YES'    'BTREE'    NULL    NULL    'YES'  
|    'public.t2'    1    'idx_t2_3'    1    NULL    'A'    1    NULL    NULL    'YES'    'BTREE'    ' dayofmonth([public.t2].[birty_date])'    NULL    'YES'  
| 2 rows selected
| =================   Q U E R Y   R E S U L T S   =================
| 
| 
|    'public.t2'    1    'fk_t2_stu_id'    1    'stu_id'    'A'    5    NULL    NULL    'YES'    'BTREE'    NULL    NULL    'YES'  
|    'public.t2'    1    'idx_t2_3'    1    NULL    'A'    1    NULL    NULL    'YES'    'BTREE'    ' dayofmonth([public.t2].[birty_date])'    NULL    'YES'  
| 2 rows selected
| =================   Q U E R Y   R E S U L T S   =================
| 
| 
|    1    'math'    4    timestamp '12:00:00 AM 01/01/2000'  
|    1    'math'    8    timestamp '12:00:00 AM 01/01/2000'  
|    2    'english'    1    timestamp '12:00:00 AM 01/01/2000'  
|    2    'english'    4    timestamp '12:00:00 AM 01/01/2000'  
|    3    'history'    1    timestamp '12:00:00 AM 01/01/2000'  
|    3    'history'    -16    timestamp '12:00:00 AM 01/01/2000'  
|    4    'art'    -8    timestamp '12:00:00 AM 01/01/2000'  
| 7 rows selected
| =================   Q U E R Y   R E S U L T S   =================
| 
| 
|    1    'math'    4    timestamp '12:00:00 AM 01/01/2000'  
|    1    'math'    8    timestamp '12:00:00 AM 01/01/2000'  
|    2    'english'    1    timestamp '12:00:00 AM 01/01/2000'  
|    2    'english'    4    timestamp '12:00:00 AM 01/01/2000'  
|    3    'history'    1    timestamp '12:00:00 AM 01/01/2000'  
|    3    'history'    -16    timestamp '12:00:00 AM 01/01/2000'  
|    4    'art'    -8    timestamp '12:00:00 AM 01/01/2000'  
| 7 rows selected
| ERROR RETURNED: Syntax: In line 1, column 1 before ' from t2 where ADDTIME(birty_date, time'1:1:2')='2000-01-01 01...'
| Syntax error: unexpected '*', expecting SELECT or VALUE or VALUES or '('  
|    on statement number: 15
| ERROR RETURNED: Syntax: In line 1, column 1 before '/ C1: select * from t2 where DAYOFWEEK(birty_date)=7 using ind...'
| Syntax error: unexpected '*', expecting SELECT or VALUE or VALUES or '('  
|    on statement number: 16
| ERROR RETURNED: Semantic: before '  using index idx3(+) ;'
| Cannot coerce 2 to type date. select [public.t2].class_id, [public.t2].class_name, [public... 
|    on statement number: 17
| =================   Q U E R Y   R E S U L T S   =================
| 
| 
| 0 row selected
| ERROR RETURNED: Semantic: before ' ,'1999-12-31 00:00:00')=1 using index idx5(+) ;'
| Attribute "birth_date" was not found. select [public.t2].class_id, [public.t2].class_name, [public... 
|    on statement number: 19
| =================   Q U E R Y   R E S U L T S   =================
| 
| 
|    1    'math'    4    timestamp '12:00:00 AM 01/01/2000'  
|    1    'math'    8    timestamp '12:00:00 AM 01/01/2000'  
|    2    'english'    1    timestamp '12:00:00 AM 01/01/2000'  
|    2    'english'    4    timestamp '12:00:00 AM 01/01/2000'  
|    3    'history'    1    timestamp '12:00:00 AM 01/01/2000'  
|    3    'history'    -16    timestamp '12:00:00 AM 01/01/2000'  
|    4    'art'    -8    timestamp '12:00:00 AM 01/01/2000'  
| 7 rows selected
