| 4 rows affected						| 4 rows affected
| 7 rows affected						| 7 rows affected
| 1 row affected						| 1 row affected
| 1 row affected						| 1 row affected
| ERROR RETURNED: Your transaction has been unilaterally abor	| ERROR RETURNED: Your transaction has been unilaterally abor
|    on statement number: 3					|    on statement number: 3
| ERROR RETURNED: Your transaction has been unilaterally abor	| ERROR RETURNED: Your transaction has been unilaterally abor
|    on statement number: 3					|    on statement number: 3
| ERROR RETURNED: Your transaction has been unilaterally abor	| ERROR RETURNED: Your transaction has been unilaterally abor
|    on statement number: 3					|    on statement number: 3
| ERROR RETURNED: Your transaction has been unilaterally abor	| ERROR RETURNED: Your transaction has been unilaterally abor
|    on statement number: 3					|    on statement number: 3
| ERROR RETURNED: Your transaction has been unilaterally abor	| ERROR RETURNED: Your transaction has been unilaterally abor
|    on statement number: 3					|    on statement number: 3
| ERROR RETURNED: Your transaction has been unilaterally abor	| ERROR RETURNED: Your transaction has been unilaterally abor
|    on statement number: 3					|    on statement number: 3
| =================   Q U E R Y   R E S U L T S   ===========	| =================   Q U E R Y   R E S U L T S   ===========
| 								| 
| 								| 
|    't2'    1    'fk_t2_stu_id'    1    'stu_id'    'A'    5	|    't2'    1    'fk_t2_stu_id'    1    'stu_id'    'A'    5
|    't2'    1    'idx_t2_3'    1    NULL    'A'    1    NULL	|    't2'    1    'idx_t2_3'    1    NULL    'A'    1    NULL
| 2 rows selected						| 2 rows selected
| =================   Q U E R Y   R E S U L T S   ===========	| =================   Q U E R Y   R E S U L T S   ===========
| 								| 
| 								| 
|    't2'    1    'fk_t2_stu_id'    1    'stu_id'    'A'    5	|    't2'    1    'fk_t2_stu_id'    1    'stu_id'    'A'    5
|    't2'    1    'idx_t2_3'    1    NULL    'A'    1    NULL	|    't2'    1    'idx_t2_3'    1    NULL    'A'    1    NULL
| 2 rows selected						| 2 rows selected
| =================   Q U E R Y   R E S U L T S   ===========	| =================   Q U E R Y   R E S U L T S   ===========
| 								| 
| 								| 
|    't2'    1    'fk_t2_stu_id'    1    'stu_id'    'A'    5	|    't2'    1    'fk_t2_stu_id'    1    'stu_id'    'A'    5
|    't2'    1    'idx_t2_3'    1    NULL    'A'    1    NULL	|    't2'    1    'idx_t2_3'    1    NULL    'A'    1    NULL
| 2 rows selected						| 2 rows selected
| =================   Q U E R Y   R E S U L T S   ===========	| =================   Q U E R Y   R E S U L T S   ===========
| 								| 
| 								| 
|    't2'    1    'fk_t2_stu_id'    1    'stu_id'    'A'    5	|    't2'    1    'fk_t2_stu_id'    1    'stu_id'    'A'    5
|    't2'    1    'idx_t2_3'    1    NULL    'A'    1    NULL	|    't2'    1    'idx_t2_3'    1    NULL    'A'    1    NULL
| 2 rows selected						| 2 rows selected
| =================   Q U E R Y   R E S U L T S   ===========	| =================   Q U E R Y   R E S U L T S   ===========
| 								| 
| 								| 
|    't2'    1    'fk_t2_stu_id'    1    'stu_id'    'A'    5	|    't2'    1    'fk_t2_stu_id'    1    'stu_id'    'A'    5
|    't2'    1    'idx_t2_3'    1    NULL    'A'    1    NULL	|    't2'    1    'idx_t2_3'    1    NULL    'A'    1    NULL
| 2 rows selected						| 2 rows selected
| =================   Q U E R Y   R E S U L T S   ===========	| =================   Q U E R Y   R E S U L T S   ===========
| 								| 
| 								| 
|    't2'    1    'fk_t2_stu_id'    1    'stu_id'    'A'    5	|    't2'    1    'fk_t2_stu_id'    1    'stu_id'    'A'    5
|    't2'    1    'idx_t2_3'    1    NULL    'A'    1    NULL	|    't2'    1    'idx_t2_3'    1    NULL    'A'    1    NULL
| 2 rows selected						| 2 rows selected
| =================   Q U E R Y   R E S U L T S   ===========	| =================   Q U E R Y   R E S U L T S   ===========
| 								| 
| 								| 
|    't2'    1    'fk_t2_stu_id'    1    'stu_id'    'A'    5	|    't2'    1    'fk_t2_stu_id'    1    'stu_id'    'A'    5
|    't2'    1    'idx_t2_3'    1    NULL    'A'    1    NULL	|    't2'    1    'idx_t2_3'    1    NULL    'A'    1    NULL
| 2 rows selected						| 2 rows selected
| =================   Q U E R Y   R E S U L T S   ===========	| =================   Q U E R Y   R E S U L T S   ===========
| 								| 
| 								| 
|    1    'math'    4    timestamp '12:00:00 AM 01/01/2000'  	|    1    'math'    4    timestamp '12:00:00 AM 01/01/2000'  
|    1    'math'    8    timestamp '12:00:00 AM 01/01/2000'  	|    1    'math'    8    timestamp '12:00:00 AM 01/01/2000'  
|    2    'english'    1    timestamp '12:00:00 AM 01/01/2000	|    2    'english'    1    timestamp '12:00:00 AM 01/01/2000
|    2    'english'    4    timestamp '12:00:00 AM 01/01/2000	|    2    'english'    4    timestamp '12:00:00 AM 01/01/2000
|    3    'history'    1    timestamp '12:00:00 AM 01/01/2000	|    3    'history'    1    timestamp '12:00:00 AM 01/01/2000
|    3    'history'    -16    timestamp '12:00:00 AM 01/01/20	|    3    'history'    -16    timestamp '12:00:00 AM 01/01/20
|    4    'art'    -8    timestamp '12:00:00 AM 01/01/2000'  	|    4    'art'    -8    timestamp '12:00:00 AM 01/01/2000'  
| 7 rows selected						| 7 rows selected
| ERROR RETURNED: Semantic: before ' (+) ;'			| ERROR RETURNED: Semantic: before ' (+) ;'
| Cannot find the index 'idx1(+)'. (select t2.class_id, t2.cl	| Cannot find the index 'idx1(+)'. (select t2.class_id, t2.cl
|    on statement number: 14				      |	|    on statement number: 15
| ERROR RETURNED: Syntax: In line 1, column 1 before ' from t	| ERROR RETURNED: Syntax: In line 1, column 1 before ' from t
| Syntax error: unexpected '*', expecting SELECT or VALUE or 	| Syntax error: unexpected '*', expecting SELECT or VALUE or 
|    on statement number: 16					|    on statement number: 16
| ERROR RETURNED: Syntax: In line 1, column 1 before '/ C1: s	| ERROR RETURNED: Syntax: In line 1, column 1 before '/ C1: s
| Syntax error: unexpected '*', expecting SELECT or VALUE or 	| Syntax error: unexpected '*', expecting SELECT or VALUE or 
|    on statement number: 17					|    on statement number: 17
| ERROR RETURNED: Semantic: before '  using index idx3(+) ;'	| ERROR RETURNED: Semantic: before '  using index idx3(+) ;'
<<<<<<< HEAD						      <
| Cannot coerce 2 to type date. select t2.class_id, t2.class_	| Cannot coerce 2 to type date. select t2.class_id, t2.class_
|    on statement number: 17				      |	|    on statement number: 18
| ERROR RETURNED: Semantic: before ' (+) ;'			| ERROR RETURNED: Semantic: before ' (+) ;'
| Cannot find the index 'idx4(+)'. (select t2.class_id, t2.cl	| Cannot find the index 'idx4(+)'. (select t2.class_id, t2.cl
|    on statement number: 18				      |	|    on statement number: 19
| ERROR RETURNED: Semantic: before ' ,'1999-12-31 00:00:00')=	| ERROR RETURNED: Semantic: before ' ,'1999-12-31 00:00:00')=
| Attribute "birth_date" was not found. select t2.class_id, t	| Attribute "birth_date" was not found. select t2.class_id, t
|    on statement number: 19				      |	|    on statement number: 20
| ERROR RETURNED: Semantic: before ' (+) ;'			| ERROR RETURNED: Semantic: before ' (+) ;'
| Cannot find the index 'idx6(+)'. (select t2.class_id, t2.cl	| Cannot find the index 'idx6(+)'. (select t2.class_id, t2.cl
|    on statement number: 20				      |	|    on statement number: 21
=======							      <
| Cannot coerce 2 to type date. select [public.t2].class_id,  <
|    on statement number: 18				      <
| =================   Q U E R Y   R E S U L T S   =========== <
| 							      <
| 							      <
| 0 row selected					      <
| ERROR RETURNED: Semantic: before ' ,'1999-12-31 00:00:00')= <
| Attribute "birth_date" was not found. select [public.t2].cl <
|    on statement number: 20				      <
| =================   Q U E R Y   R E S U L T S   =========== <
| 							      <
| 							      <
|    1    'math'    4    timestamp '12:00:00 AM 01/01/2000'   <
|    1    'math'    8    timestamp '12:00:00 AM 01/01/2000'   <
|    2    'english'    1    timestamp '12:00:00 AM 01/01/2000 <
|    2    'english'    4    timestamp '12:00:00 AM 01/01/2000 <
|    3    'history'    1    timestamp '12:00:00 AM 01/01/2000 <
|    3    'history'    -16    timestamp '12:00:00 AM 01/01/20 <
|    4    'art'    -8    timestamp '12:00:00 AM 01/01/2000'   <
| 7 rows selected					      <
>>>>>>> ff15e2e... [CBRD-24502] Revised isolation answer for  <
| 4 rows affected					      |	| 4 rows affected
| 7 rows affected					      |	| 7 rows affected
| 1 row affected					      |	| 1 row affected
| 1 row affected					      |	| 1 row affected
| ERROR RETURNED: Your transaction has been unilaterally abor |	| ERROR RETURNED: Your transaction has been unilaterally abor
|    on statement number: 3				      |	|    on statement number: 3
| ERROR RETURNED: Your transaction has been unilaterally abor |	| ERROR RETURNED: Your transaction has been unilaterally abor
|    on statement number: 3				      |	|    on statement number: 3
| ERROR RETURNED: Your transaction has been unilaterally abor |	| ERROR RETURNED: Your transaction has been unilaterally abor
|    on statement number: 3				      |	|    on statement number: 3
| ERROR RETURNED: Your transaction has been unilaterally abor |	| ERROR RETURNED: Your transaction has been unilaterally abor
|    on statement number: 3				      |	|    on statement number: 3
| ERROR RETURNED: Your transaction has been unilaterally abor |	| ERROR RETURNED: Your transaction has been unilaterally abor
|    on statement number: 3				      |	|    on statement number: 3
| ERROR RETURNED: Your transaction has been unilaterally abor |	| ERROR RETURNED: Your transaction has been unilaterally abor
|    on statement number: 3				      |	|    on statement number: 3
| =================   Q U E R Y   R E S U L T S   =========== |	| =================   Q U E R Y   R E S U L T S   ===========
| 							      |	| 
| 							      |	| 
|    't2'    1    'fk_t2_stu_id'    1    'stu_id'    'A'    5 |	|    't2'    1    'fk_t2_stu_id'    1    'stu_id'    'A'    5
|    't2'    1    'idx_t2_3'    1    NULL    'A'    1    NULL |	|    't2'    1    'idx_t2_3'    1    NULL    'A'    1    NULL
| 2 rows selected					      |	| 2 rows selected
| =================   Q U E R Y   R E S U L T S   =========== |	| =================   Q U E R Y   R E S U L T S   ===========
| 							      |	| 
| 							      |	| 
|    't2'    1    'fk_t2_stu_id'    1    'stu_id'    'A'    5 |	|    't2'    1    'fk_t2_stu_id'    1    'stu_id'    'A'    5
|    't2'    1    'idx_t2_3'    1    NULL    'A'    1    NULL |	|    't2'    1    'idx_t2_3'    1    NULL    'A'    1    NULL
| 2 rows selected					      |	| 2 rows selected
| =================   Q U E R Y   R E S U L T S   =========== |	| =================   Q U E R Y   R E S U L T S   ===========
| 							      |	| 
| 							      |	| 
|    't2'    1    'fk_t2_stu_id'    1    'stu_id'    'A'    5 |	|    't2'    1    'fk_t2_stu_id'    1    'stu_id'    'A'    5
|    't2'    1    'idx_t2_3'    1    NULL    'A'    1    NULL |	|    't2'    1    'idx_t2_3'    1    NULL    'A'    1    NULL
| 2 rows selected					      |	| 2 rows selected
| =================   Q U E R Y   R E S U L T S   =========== |	| =================   Q U E R Y   R E S U L T S   ===========
| 							      |	| 
| 							      |	| 
|    't2'    1    'fk_t2_stu_id'    1    'stu_id'    'A'    5 |	|    't2'    1    'fk_t2_stu_id'    1    'stu_id'    'A'    5
|    't2'    1    'idx_t2_3'    1    NULL    'A'    1    NULL |	|    't2'    1    'idx_t2_3'    1    NULL    'A'    1    NULL
| 2 rows selected					      |	| 2 rows selected
| =================   Q U E R Y   R E S U L T S   =========== |	| =================   Q U E R Y   R E S U L T S   ===========
| 							      |	| 
| 							      |	| 
|    't2'    1    'fk_t2_stu_id'    1    'stu_id'    'A'    5 |	|    't2'    1    'fk_t2_stu_id'    1    'stu_id'    'A'    5
|    't2'    1    'idx_t2_3'    1    NULL    'A'    1    NULL |	|    't2'    1    'idx_t2_3'    1    NULL    'A'    1    NULL
| 2 rows selected					      |	| 2 rows selected
| =================   Q U E R Y   R E S U L T S   =========== |	| =================   Q U E R Y   R E S U L T S   ===========
| 							      |	| 
| 							      |	| 
|    't2'    1    'fk_t2_stu_id'    1    'stu_id'    'A'    5 |	|    't2'    1    'fk_t2_stu_id'    1    'stu_id'    'A'    5
|    't2'    1    'idx_t2_3'    1    NULL    'A'    1    NULL |	|    't2'    1    'idx_t2_3'    1    NULL    'A'    1    NULL
| 2 rows selected					      |	| 2 rows selected
| =================   Q U E R Y   R E S U L T S   =========== |	| =================   Q U E R Y   R E S U L T S   ===========
| 							      |	| 
| 							      |	| 
|    't2'    1    'fk_t2_stu_id'    1    'stu_id'    'A'    5 |	|    't2'    1    'fk_t2_stu_id'    1    'stu_id'    'A'    5
|    't2'    1    'idx_t2_3'    1    NULL    'A'    1    NULL |	|    't2'    1    'idx_t2_3'    1    NULL    'A'    1    NULL
| 2 rows selected					      |	| 2 rows selected
| =================   Q U E R Y   R E S U L T S   =========== |	| =================   Q U E R Y   R E S U L T S   ===========
| 							      |	| 
| 							      |	| 
|    1    'math'    4    timestamp '12:00:00 AM 01/01/2000'   |	|    1    'math'    4    timestamp '12:00:00 AM 01/01/2000'  
|    1    'math'    8    timestamp '12:00:00 AM 01/01/2000'   |	|    1    'math'    8    timestamp '12:00:00 AM 01/01/2000'  
|    2    'english'    1    timestamp '12:00:00 AM 01/01/2000 |	|    2    'english'    1    timestamp '12:00:00 AM 01/01/2000
|    2    'english'    4    timestamp '12:00:00 AM 01/01/2000 |	|    2    'english'    4    timestamp '12:00:00 AM 01/01/2000
|    3    'history'    1    timestamp '12:00:00 AM 01/01/2000 |	|    3    'history'    1    timestamp '12:00:00 AM 01/01/2000
|    3    'history'    -16    timestamp '12:00:00 AM 01/01/20 |	|    3    'history'    -16    timestamp '12:00:00 AM 01/01/20
|    4    'art'    -8    timestamp '12:00:00 AM 01/01/2000'   |	|    4    'art'    -8    timestamp '12:00:00 AM 01/01/2000'  
| 7 rows selected					      |	| 7 rows selected
| ERROR RETURNED: Semantic: before ' (+) ;'		      |	| ERROR RETURNED: Semantic: before ' (+) ;'
| Cannot find the index 'idx1(+)'. (select t2.class_id, t2.cl |	| Cannot find the index 'idx1(+)'. (select t2.class_id, t2.cl
|    on statement number: 14				      |	|    on statement number: 15
| ERROR RETURNED: Syntax: In line 1, column 1 before ' from t |	| ERROR RETURNED: Syntax: In line 1, column 1 before ' from t
| Syntax error: unexpected '*', expecting SELECT or VALUE or  |	| Syntax error: unexpected '*', expecting SELECT or VALUE or 
|    on statement number: 16				      |	|    on statement number: 16
| ERROR RETURNED: Syntax: In line 1, column 1 before '/ C1: s |	| ERROR RETURNED: Syntax: In line 1, column 1 before '/ C1: s
| Syntax error: unexpected '*', expecting SELECT or VALUE or  |	| Syntax error: unexpected '*', expecting SELECT or VALUE or 
|    on statement number: 17				      |	|    on statement number: 17
| ERROR RETURNED: Semantic: before '  using index idx3(+) ;'  |	| ERROR RETURNED: Semantic: before '  using index idx3(+) ;'
<<<<<<< HEAD						      |	| Cannot coerce 2 to type date. select t2.class_id, t2.class_
| Cannot coerce 2 to type date. select t2.class_id, t2.class_ |	|    on statement number: 18
|    on statement number: 17				      |	| ERROR RETURNED: Semantic: before ' (+) ;'
| ERROR RETURNED: Semantic: before ' (+) ;'		      |	| Cannot find the index 'idx4(+)'. (select t2.class_id, t2.cl
| Cannot find the index 'idx4(+)'. (select t2.class_id, t2.cl |	|    on statement number: 19
|    on statement number: 18				      |	| ERROR RETURNED: Semantic: before ' ,'1999-12-31 00:00:00')=
| ERROR RETURNED: Semantic: before ' ,'1999-12-31 00:00:00')= |	| Attribute "birth_date" was not found. select t2.class_id, t
| Attribute "birth_date" was not found. select t2.class_id, t |	|    on statement number: 20
|    on statement number: 19				      |	| ERROR RETURNED: Semantic: before ' (+) ;'
| ERROR RETURNED: Semantic: before ' (+) ;'		      |	| Cannot find the index 'idx6(+)'. (select t2.class_id, t2.cl
| Cannot find the index 'idx6(+)'. (select t2.class_id, t2.cl |	|    on statement number: 21
|    on statement number: 20				      <
=======							      <
| Cannot coerce 2 to type date. select [public.t2].class_id,  <
|    on statement number: 18				      <
| =================   Q U E R Y   R E S U L T S   =========== <
| 							      <
| 							      <
| 0 row selected					      <
| ERROR RETURNED: Semantic: before ' ,'1999-12-31 00:00:00')= <
| Attribute "birth_date" was not found. select [public.t2].cl <
|    on statement number: 20				      <
| =================   Q U E R Y   R E S U L T S   =========== <
| 							      <
| 							      <
|    1    'math'    4    timestamp '12:00:00 AM 01/01/2000'   <
|    1    'math'    8    timestamp '12:00:00 AM 01/01/2000'   <
|    2    'english'    1    timestamp '12:00:00 AM 01/01/2000 <
|    2    'english'    4    timestamp '12:00:00 AM 01/01/2000 <
|    3    'history'    1    timestamp '12:00:00 AM 01/01/2000 <
|    3    'history'    -16    timestamp '12:00:00 AM 01/01/20 <
|    4    'art'    -8    timestamp '12:00:00 AM 01/01/2000'   <
| 7 rows selected					      <
>>>>>>> ff15e2e... [CBRD-24502] Revised isolation answer for  <
