| 6 rows affected
| =================   Q U E R Y   R E S U L T S   =================
| 
| 
|    'a'    'INTEGER'    'NO'    'PRI'    NULL    'auto_increment'  
|    'b'    'INTEGER'    'YES'    ''    NULL    ''  
|    'c'    'CHAR(300)'    'YES'    ''    NULL    ''  
| 3 rows selected
| ERROR RETURNED: Your transaction has been unilaterally aborted by the system. 
|    on statement number: 3
| =================   Q U E R Y   R E S U L T S   =================
| 
| 
|    set{1, 2, 3, 4, 5, 6}
|   
| 1 row selected
| =================   Q U E R Y   R E S U L T S   =================
| 
| 
|    set{1, 2, 3, 4, 5, 6}
|   
| 1 row selected
| ERROR RETURNED: Semantic: before ' ) where a > -999 order by 1;'
| Cannot find the index 't1.i1(+)'. (select sum(set{[public.t1].a}) into :i1 from [public.t1] [p... 
|    on statement number: 11
| =================   Q U E R Y   R E S U L T S   =================
| 
| 
|    'OK'  
| 1 row selected
| ERROR RETURNED: Semantic: before ' , 'OK', 'NOK');'
| Query yields no result, so variable 'i1' is not set. select  if(:s=:i1, 'OK', 'NOK') 
|    on statement number: 13
| =================   Q U E R Y   R E S U L T S   =================
| 
| 
|    'public.t1'    1    'i'    1    'a'    'A'    6    NULL    NULL    'NO'    'BTREE'    NULL    NULL    'YES'  
|    'public.t1'    1    'i'    2    'b'    'A'    6    NULL    NULL    'YES'    'BTREE'    NULL    NULL    'YES'  
|    'public.t1'    1    'i'    3    'c'    'A'    6    NULL    NULL    'YES'    'BTREE'    NULL    NULL    'YES'  
|    'public.t1'    0    'pk_t1_a'    1    'a'    'A'    6    NULL    NULL    'NO'    'BTREE'    NULL    NULL    'YES'  
| 4 rows selected
